time,realization_0,realization_1,realization_2
0.0,-2.3088306453251404,-1.0551843435674524,2.0661525990050857
0.01001001001001001,-2.4533728998614452,-0.9494857189851419,2.33305910050852
0.02002002002002002,-2.4729649910129723,-0.9807769306243319,2.316769707469763
0.03003003003003003,-2.573919341766094,-0.98098674042878,2.229726815706078
0.04004004004004004,-2.630243461103568,-0.7656430396747416,2.065218215231803
0.050050050050050046,-2.3247392082823684,-0.7842409179190006,2.098183901573218
0.06006006006006006,-2.225954834835051,-0.8713473287915872,2.0821942658830808
0.07007007007007007,-2.1568034759978474,-0.7716833728369263,2.1791037642950264
0.08008008008008008,-2.229519944908533,-0.6572945260285711,2.258041633221868
0.09009009009009009,-2.2155481994251884,-0.6016803808394338,2.2182377005013416
0.10010010010010009,-2.245394914891246,-0.7269918638619391,2.092511233464345
0.11011011011011011,-2.2385588614579346,-0.7796662519561423,1.9885527053033656
0.12012012012012012,-2.1747027919487953,-0.6767738103870299,1.832398081528764
0.13013013013013014,-2.238247410394518,-0.3771239311684825,1.8453740587348233
0.14014014014014015,-2.194757985371443,-0.30230869459997256,1.9073609622868997
0.15015015015015015,-2.2078650034165483,-0.21115522888345864,1.992793671039772
0.16016016016016016,-2.3912898304876036,-0.31185442033124244,2.1377035550290286
0.17017017017017017,-2.502326386369054,-0.2473428404502876,2.102087015432336
0.18018018018018017,-2.41695135422168,-0.26616666047896487,1.8711793642631862
0.19019019019019018,-2.354310166119379,-0.13616579789959415,2.0053336410653517
0.20020020020020018,-2.4856623798855337,-0.005123354131619302,1.9753447381403406
0.21021021021021022,-2.5636292827640377,-0.053861418054848884,1.7578614078484973
0.22022022022022023,-2.4702734618962263,-0.2649598635706308,1.6178861370698814
0.23023023023023023,-2.4245375411372114,-0.36698372736594104,1.764462770257595
0.24024024024024024,-2.4695199698550456,-0.23986950496755474,1.6029324361243584
0.2502502502502503,-2.5004226699447902,-0.24217425155740027,1.5272694700356537
0.2602602602602603,-2.656622117255574,-0.4152054684040916,1.5602189257241665
0.2702702702702703,-2.5296846927372263,-0.6067597459078278,1.509026462047016
0.2802802802802803,-2.554786460070455,-0.5866104486775792,1.93192129977081
0.2902902902902903,-2.6131806880421795,-0.43284613606198735,1.9686422334890132
0.3003003003003003,-2.647171090648335,-0.26005394877190874,2.0616176839694456
0.3103103103103103,-2.554273796088655,-0.11730192618144349,2.064574499479763
0.3203203203203203,-2.477996080695334,-0.1036594791468578,2.2526519638566134
0.3303303303303303,-2.3389265934138197,-0.10851376607008432,2.0500747052379467
0.34034034034034033,-2.520745410958748,-0.039041360034924866,2.161693038399795
0.35035035035035034,-2.4976699514738656,0.12461683787018638,2.3709781286035394
0.36036036036036034,-2.4467311907294023,-0.01507960872446006,2.3860159474382785
0.37037037037037035,-2.551921017343208,0.023657445928953386,2.379764287838416
0.38038038038038036,-2.375704347287846,0.22705292153218576,2.4379805005242288
0.39039039039039036,-2.3489708596794623,0.31892041236131663,2.3032154597081202
0.40040040040040037,-2.237951917115862,0.15200888942056218,1.9338443805816086
0.41041041041041043,-2.303062041131423,0.4070523369939624,1.7775421433516672
0.42042042042042044,-2.440704375014701,0.31582198319597654,1.7180513278839744
0.43043043043043044,-2.5511462253567,-0.0030813875968393814,1.6127322469706513
0.44044044044044045,-2.9128609101534226,0.07128872634272987,1.75836889262493
0.45045045045045046,-2.710625511562873,-0.1422844083971833,1.730721655013618
0.46046046046046046,-2.588195599863979,-0.06421688024110703,1.949010619628584
0.47047047047047047,-2.500285895950096,-0.18539447279149412,1.756289537900708
0.4804804804804805,-2.5039168312590143,-0.12620309640346455,1.5590171092301468
0.4904904904904905,-2.2238189114119833,-0.34892067340160415,1.6089652592790253
0.5005005005005005,-2.155092844789194,-0.37666973092510636,1.6794645476521266
0.5105105105105106,-2.2215997717838354,-0.2630504071345393,1.6262739799797696
0.5205205205205206,-2.346807988915697,-0.09910728462168987,1.3684694738057905
0.5305305305305306,-2.3347039225289055,-0.10969512079522883,1.3068250235273011
0.5405405405405406,-2.2723512291461097,0.022114288313345623,1.464739118532993
0.5505505505505506,-2.423697233463358,0.005360670933530938,1.2993907937475881
0.5605605605605606,-2.5028685479051735,0.020343798938928653,1.2270043683047183
0.5705705705705706,-2.3020367133386572,-0.10264892489238167,1.3463198061739319
0.5805805805805806,-2.1306067294668813,-0.03612032215164783,1.476194339328712
0.5905905905905906,-2.1226144872586237,-0.046640077420359555,1.35695460212331
0.6006006006006006,-2.192880655583564,0.2270308533428089,1.2881448755405662
0.6106106106106106,-2.090449210651303,0.12168313001540439,1.3758916940988708
0.6206206206206206,-1.9399212305279308,0.15266010159749205,1.3812384740078538
0.6306306306306306,-2.026943657681968,0.1817338919758869,1.6331075654115572
0.6406406406406406,-2.1737959963478497,0.03563809924055027,1.4617212913308968
0.6506506506506506,-1.8702395087227073,-0.23025360475977105,1.270208198802893
0.6606606606606606,-1.8299344809248208,-0.25552587290895185,1.3227118057985092
0.6706706706706707,-1.763458382136195,-0.44876306573371394,1.3348059299969188
0.6806806806806807,-1.7453825966582395,-0.4246362895065907,1.2492368007629349
0.6906906906906907,-1.705551185368286,-0.14259257009549356,1.2101619254519898
0.7007007007007007,-1.5815523622428533,0.027431734612392872,1.1768541697094252
0.7107107107107107,-1.5944860836128483,0.04470402840681215,1.0757296795036588
0.7207207207207207,-1.5219219093500622,0.18890484247205652,0.8475814285908747
0.7307307307307307,-1.5664789074981627,0.13603308615572207,0.9042638470785292
0.7407407407407407,-1.7442366959222497,0.24797977482200592,0.7896944628541052
0.7507507507507507,-1.6702036772416027,0.36575280692049017,1.00353913011523
0.7607607607607607,-1.5881581339660955,0.6092650316419439,0.7461824361202385
0.7707707707707707,-1.6392999221476778,0.5957962932502925,0.9119811722307023
0.7807807807807807,-1.5297432848806327,0.6292909751198144,1.0675147813188193
0.7907907907907907,-1.5644877936516817,0.7183508584760193,1.1172729500533791
0.8008008008008007,-1.3160524650608083,0.907501427068226,1.1916129755958333
0.8108108108108109,-1.4489223903984298,0.7880841485820625,1.5134516753783351
0.8208208208208209,-1.5346761976854217,0.8014277281382929,1.5608799791972263
0.8308308308308309,-1.3288696624729157,0.7984990455177172,1.3399326469739727
0.8408408408408409,-1.3425864592899852,0.771438065988871,1.0963390785294442
0.8508508508508509,-1.3547001488058747,0.8715312263065457,0.9142217656592198
0.8608608608608609,-1.232900470222526,0.9160866869523022,1.071061969127899
0.8708708708708709,-1.1583272814264052,1.1588575242606196,0.5543998434131235
0.8808808808808809,-1.144420319859282,0.9293681791385711,0.6897822215599887
0.8908908908908909,-1.03655651815595,1.2049818848916538,0.46620734287964105
0.9009009009009009,-1.0144228153689436,1.198594650007982,0.4758806838435033
0.9109109109109109,-0.9817556925210138,1.30613460731904,0.3913784669343618
0.9209209209209209,-1.114786150448105,1.3504174671675206,0.42258334351763466
0.9309309309309309,-0.8527618749762892,1.4354224044266561,0.45549000685995716
0.9409409409409409,-0.9751943585766527,1.330951413432857,0.5858982126019534
0.950950950950951,-0.8598356364710411,1.541290386490057,0.7534725971497923
0.960960960960961,-0.8013452658301939,1.3258380762357085,0.7383075934349508
0.970970970970971,-0.7492695999100267,1.2009198523835798,0.7381209547681414
0.980980980980981,-0.8067429303328632,1.3128050705845655,0.5502978598073459
0.990990990990991,-0.6962118106939995,1.0290970877186356,0.46702540504578505
1.001001001001001,-0.6591856933367526,0.8747153573470353,0.3355311221624896
1.011011011011011,-0.8472272159144542,1.2064889719256402,0.23818797623298626
1.021021021021021,-0.6202283056359021,1.3503487232002194,0.1092016054171902
1.031031031031031,-0.6745925754877795,1.4610913224905375,0.05637663558343232
1.0410410410410411,-0.8275337253893305,1.4820364116146818,-0.038428599077207796
1.0510510510510511,-0.8754812684794286,1.3624114315151685,0.032685268758167144
1.0610610610610611,-0.6385138243458164,1.4385291718451898,0.20078093585111553
1.0710710710710711,-0.6060676829814369,1.5426743825275862,0.22700069025200081
1.0810810810810811,-0.5753988212626108,1.68280108430702,0.41613068564513045
1.0910910910910911,-0.36922574438682676,1.6989125128319476,0.6814213912811948
1.1011011011011012,-0.4592855501279251,1.7385903277423542,0.5264163697231579
1.1111111111111112,-0.4578142950173094,1.8487896114414795,0.5934327051008368
1.1211211211211212,-0.45232343521531215,1.7872670192940423,0.646725462441204
1.1311311311311312,-0.1580022009910193,1.6601283643452112,0.5075799940938823
1.1411411411411412,-0.1817173979449997,1.6800307245959207,0.4555371121797971
1.1511511511511512,-0.114409139696118,1.7134913325904793,0.28880438011075754
1.1611611611611612,-0.1631730027532312,1.9147775199511423,0.31685361404955253
1.1711711711711712,-0.15406803371091862,2.100076853474918,0.2501911524450803
1.1811811811811812,-0.33796503300179903,2.247150200276786,0.02063025238650785
1.1911911911911912,-0.05634816191383506,2.1506746078925527,0.08865825342383375
1.2012012012012012,-0.028234003549343294,1.8744555021153382,0.19129435495298758
1.2112112112112112,0.20025778443995162,1.8673855929743268,0.021675282920906033
1.2212212212212212,0.12186855389806393,2.077968068944015,-0.07577612112136994
1.2312312312312312,0.17656032598427734,2.24940493688976,-0.1301013982929601
1.2412412412412412,-0.1488753938239486,2.0904200379556213,-0.2103979028173377
1.2512512512512513,-0.2526850750283425,1.9894527640426323,-0.1284449800134981
1.2612612612612613,-0.28392919151730783,2.1009073265071834,-0.1816892036213822
1.2712712712712713,-0.12055037165276897,2.077954752408041,-0.06192940992241132
1.2812812812812813,-0.20672429219746105,2.389111990225457,-0.2099467643651856
1.2912912912912913,-0.41762499338348613,2.195611749659821,-0.15388358819070969
1.3013013013013013,-0.5400433786206981,2.2343897855030876,-0.1322940109009321
1.3113113113113113,-0.6127481119802966,2.1227236157151355,-0.05444376938510039
1.3213213213213213,-0.474993642941671,2.027964165046303,0.07354032380680314
1.3313313313313313,-0.50969825413451,1.8086381396245308,0.22189459058870184
1.3413413413413413,-0.5630471679229465,1.8412817538022983,0.11203684165006272
1.3513513513513513,-0.6801386276205867,1.8836357892186901,-0.14392029402967274
1.3613613613613613,-0.6297024434871711,1.9231145812348103,0.056390493925230684
1.3713713713713713,-0.7221085162660817,2.039355603644488,0.09719552551483396
1.3813813813813813,-0.6190744568328765,2.0564478139641356,0.2465992148390333
1.3913913913913913,-0.6136336570608242,2.321892059708851,0.06369699081951977
1.4014014014014013,-0.4052925990560242,2.1595756953380887,0.27002462763543406
1.4114114114114114,-0.3325694232943881,2.4822267594277525,0.4392072323318293
1.4214214214214214,-0.032471189291142524,2.4804949442669595,0.7093308869131726
1.4314314314314314,-0.00024626319549067577,2.415233278891749,0.7373696187680358
1.4414414414414414,0.328532682806981,2.199555515967475,0.674803002236015
1.4514514514514514,0.23938671505713785,2.017513095288755,0.5156335058258392
1.4614614614614614,0.22481035741764968,1.9154420586463539,0.6453747799237941
1.4714714714714714,0.3459235809420578,1.8676803851052781,0.34295563264319906
1.4814814814814814,0.35016835681479275,1.837727662122988,0.4084923263296716
1.4914914914914914,0.46054998726243573,1.992398819631521,0.2945927755674993
1.5015015015015014,0.1708299354552554,2.192345300901083,0.4087033958342886
1.5115115115115114,0.30428873654646355,2.0269549996389835,0.5825161266714859
1.5215215215215214,0.25447980035215956,2.013392502608841,0.544794468152281
1.5315315315315314,0.34971096854004613,1.884952612545005,0.927778978322644
1.5415415415415414,0.42613057870743676,1.8817945359408355,0.8492758878894188
1.5515515515515514,0.6462926782027077,2.222988472864941,1.1094273917740156
1.5615615615615615,0.7032073975064251,2.171776921377424,1.06423087787149
1.5715715715715715,1.0353976546348311,2.0938478060304724,1.1185512310037566
1.5815815815815815,0.976656341881929,2.0809519751220806,0.9477723576877894
1.5915915915915915,1.1109560556688738,1.9611264859973334,1.076047384809585
1.6016016016016015,0.726817521180654,1.950713169548255,1.0340509150209027
1.6116116116116117,0.7580685862460755,2.0174601923238042,0.8518182758918693
1.6216216216216217,0.7946469870667938,2.0170145917449394,0.7584914874143207
1.6316316316316317,0.9771949426645398,2.194641939868983,0.941229529549394
1.6416416416416417,1.0509149088749754,2.426751889372727,0.8336732536850663
1.6516516516516517,0.8454034449999761,2.1108080817845507,0.7875500210300066
1.6616616616616617,0.7753820012249953,2.3638432666595244,0.6705643579704823
1.6716716716716717,0.6240327321772056,2.1452276419184546,0.6967318530407739
1.6816816816816818,0.5406695385228135,2.0694177454376135,0.8658395263689337
1.6916916916916918,0.4163829336183134,2.072688488584953,0.8734574624076041
1.7017017017017018,0.3785602484029096,2.0232614012503065,0.809465316469335
1.7117117117117118,0.3538695211385413,2.0550158287520874,0.9831812579345071
1.7217217217217218,0.43701174191489783,2.1514807214408527,0.9052273660928651
1.7317317317317318,0.6560187235583671,2.0173581447870585,0.6856672353266833
1.7417417417417418,0.7228432837457099,2.051845107470059,0.539283015499667
1.7517517517517518,0.6788658960301907,1.9952873210675084,0.4482142563932989
1.7617617617617618,0.26744038412151483,1.8904502881990943,0.6170020993401361
1.7717717717717718,0.4410621126412758,1.8027489008570303,0.5087855507554488
1.7817817817817818,0.41902620030063326,1.8116464883582784,0.6537136651298844
1.7917917917917918,0.3685099265168292,1.7542121384464329,0.5399940135292483
1.8018018018018018,0.3783796711502384,1.5119786476031492,0.27548965003059783
1.8118118118118118,0.5901732925036931,1.7695901814769828,0.37949190719918324
1.8218218218218218,0.4816263719948625,2.0026528090692075,0.646494870626865
1.8318318318318318,0.6573938837183297,1.9802761085429768,0.5762316449411392
1.8418418418418419,0.6280769033810022,2.121695358469898,0.21018691280657859
1.8518518518518519,0.5010324540986972,2.0537787705411263,0.34623859559461523
1.8618618618618619,0.5081069728301155,1.9593045317127702,0.2623344080413193
1.8718718718718719,0.3838857431583293,2.2322020043952713,0.3085265549380666
1.8818818818818819,0.1138212416222864,2.176685567119929,0.12992135488144144
1.8918918918918919,0.10837783001186321,2.238442993262836,0.20942406594572469
1.901901901901902,0.17716883886300183,2.2329785105169404,0.4246063409344161
1.911911911911912,0.279088785164686,2.1542898733056046,0.3938852510290096
1.921921921921922,0.17860412707856244,2.161728310052089,0.6131304472670325
1.931931931931932,0.08622003298753714,2.1131908668772184,0.6952532371738578
1.941941941941942,0.15736598639669008,2.169886555717153,0.8869610584384998
1.951951951951952,0.49968225666203125,2.13717976087186,0.7902284989829058
1.961961961961962,0.7856089080157701,2.14931420530027,0.7773318669658107
1.971971971971972,0.6400042864229463,2.076780848137747,0.5876293588958101
1.981981981981982,0.5271362916635594,1.9578250640596646,0.7271469706292517
1.991991991991992,0.49463810395327656,2.0233564837089713,0.9348693690355804
2.002002002002002,0.7477138226208466,1.9181672265406486,1.0066177097116318
2.012012012012012,0.7217086037701755,1.8231330545411024,0.9064215685617257
2.022022022022022,0.5568946504839662,1.801355154245963,1.0098335127001339
2.032032032032032,0.5593322581537238,1.6185128134373423,0.704441167188202
2.042042042042042,0.6824066493001418,1.5842373265139513,0.5544021390208601
2.052052052052052,0.651574371523351,1.5034493402694429,0.6077510326551935
2.062062062062062,0.4491080666449703,1.4174553441860291,0.6555581666291923
2.0720720720720722,0.6392881794562306,1.4952159972357941,0.48582866543140174
2.0820820820820822,0.631402043941084,1.5148188959690192,0.6494237980864465
2.0920920920920922,0.48946509113113634,1.4976791838626353,0.7718839055148679
2.1021021021021022,0.6151567416792814,1.4991286961842023,1.0788243745984314
2.1121121121121122,0.7918058760694666,1.6078289867088549,1.1367510252161923
2.1221221221221223,0.7342706559380507,1.4869188314792916,1.1262290154275976
2.1321321321321323,0.5366957624017935,1.273455098702766,0.9802625144281396
2.1421421421421423,0.2755524831883506,1.2437500943121362,1.0323484016124727
2.1521521521521523,0.28742318306599357,1.2852266706571998,1.0161880500136276
2.1621621621621623,0.3034996977850198,1.4338660327946502,0.9651339197408478
2.1721721721721723,0.3590839302790633,1.298524146898441,1.025164942367635
2.1821821821821823,0.36539506804572264,1.1206953695562027,1.136873287837677
2.1921921921921923,0.49758396578173675,1.0973645909800795,1.00969753457024
2.2022022022022023,0.5234089689625044,0.9717432716216772,0.7894815839634535
2.2122122122122123,0.6573062907350523,0.9143449755327482,0.7628300628859658
2.2222222222222223,0.730062032705333,1.0007440759441022,0.8980236121263487
2.2322322322322323,0.7816504023052138,0.8758144106374999,0.7225120292425171
2.2422422422422423,0.7802521775708137,0.7950785711743674,0.8327802612053956
2.2522522522522523,0.7509124292990087,0.9546324386588381,0.5035818347195709
2.2622622622622623,0.7555666908178914,0.9570228676597501,0.4665670463978242
2.2722722722722724,0.6240546023108582,0.8667728805330722,0.36330277447984616
2.2822822822822824,0.7059515930451458,0.7664344323797315,0.4413370418387641
2.2922922922922924,0.8023154057835719,0.7994956581772181,0.30651740728610566
2.3023023023023024,0.6384184666820809,0.7754626301076865,0.34568534751104274
2.3123123123123124,0.7500439876702074,0.40460056835355396,0.36242860928362985
2.3223223223223224,0.8808597251840641,0.8514580489977536,0.28196516904837765
2.3323323323323324,0.8568807309513845,0.5290973057397144,0.2631811775318217
2.3423423423423424,0.8889248023281187,0.4703698330375895,0.18014017574510083
2.3523523523523524,0.801322990880412,0.6446391987586377,0.06641062223817105
2.3623623623623624,0.7751233289361104,0.7412270740068733,0.014110276549163712
2.3723723723723724,0.7446835718686418,0.6153783588038652,-0.1802857163458378
2.3823823823823824,0.60812734937063,0.7610151689818513,-0.042853061860426686
2.3923923923923924,0.6950428625010764,0.6392599810865456,0.024381325903327308
2.4024024024024024,0.8193676992069295,0.7900377787933902,0.16221293390791577
2.4124124124124124,0.897035077830876,0.5385699740973697,0.21638185891626333
2.4224224224224224,0.8110040832320066,0.5415642407839006,0.16185379981428064
2.4324324324324325,0.760541088130552,0.5966449017336849,0.531579153116736
2.4424424424424425,0.556607203671643,0.7502875916642405,0.44117484640436183
2.4524524524524525,0.5275158450938885,0.9728163567359727,0.42414381076589264
2.4624624624624625,0.6252861957951811,0.7363608990068397,0.4319610875486097
2.4724724724724725,0.5757987905720102,0.8046998428314103,0.3437112690575372
2.4824824824824825,0.5643132939923365,0.9343655362577327,0.41222770251129526
2.4924924924924925,0.6410891307182364,0.6701593277856469,0.22303837299587265
2.5025025025025025,0.46054719167302927,0.7926853928861648,0.2790996712748119
2.5125125125125125,0.22345541559236118,0.8959803796677551,0.1859784004774539
2.5225225225225225,0.1612282540179437,0.8448072735778956,0.20437534829136783
2.5325325325325325,0.08816559731598203,1.005650511867973,0.389930207038389
2.5425425425425425,0.21251994738725796,0.9951550184004333,0.35376552762752733
2.5525525525525525,0.18814571262472565,1.2168589694306138,0.14215483768645015
2.5625625625625625,0.18434411016400443,1.3188718537327109,0.45969910764197636
2.5725725725725725,0.5659130242269477,1.2933082046891138,0.36531983743949853
2.5825825825825826,0.8907806758255936,1.42257387214636,0.4405236860577215
2.5925925925925926,0.8679398708474123,1.5404769636543485,0.5136556245701548
2.6026026026026026,0.8044296251756596,1.429077637839209,0.5090106972210015
2.6126126126126126,0.7108990198579686,1.2730078065881145,0.5871559088274161
2.6226226226226226,0.874485109086119,1.3558499783535418,0.720840462621181
2.6326326326326326,0.9522943158322946,1.4604925259537478,0.8102339602592997
2.6426426426426426,1.1049410747594608,1.4323081225841139,0.7670730793848436
2.6526526526526526,1.0896108139991396,1.4616306221201731,0.9250932281429532
2.6626626626626626,1.3774758500959243,1.4751820210835966,0.9210349087634908
2.6726726726726726,1.6122933258017993,1.2827627287958754,1.0651109923550197
2.6826826826826826,1.3811832085782036,1.3073545765399748,1.0787842139850339
2.6926926926926926,1.2883041634663177,1.2979100882632852,1.0542251848997737
2.7027027027027026,1.4145086266403464,1.443204302491076,0.7845842552294932
2.7127127127127126,1.387727327940542,1.3548687496463152,0.8881628545911033
2.7227227227227226,1.408475644971253,1.5205392946938887,0.9884086187611448
2.7327327327327327,1.4345059872130737,1.5061901664790909,0.899467127083268
2.7427427427427427,1.4307034962159562,1.476001147771529,0.9761316848929933
2.7527527527527527,1.3080242900418368,1.4463298088879544,0.9178666472117197
2.7627627627627627,0.9589662978447085,1.5522963816199677,0.8902389045299545
2.7727727727727727,0.9867684252301667,1.4562977056808144,0.546987999571473
2.7827827827827827,1.2087491480353807,1.3010859329040192,0.7092860736072424
2.7927927927927927,1.1380291495856767,1.2615147989656008,0.7430605451262478
2.8028028028028027,1.1671419502602527,1.2598801000295696,0.8155721423193717
2.8128128128128127,1.249341040263771,1.268352230421209,0.7225868696066584
2.8228228228228227,1.3932002469967306,0.997283530538459,0.8927849524395377
2.8328328328328327,1.4954410219922762,0.7926803879034732,0.820832446126331
2.8428428428428427,1.754412637089824,0.7314560086968226,0.8166289573765729
2.8528528528528527,1.5606444781211322,0.7702465619083435,0.9174095479798162
2.8628628628628627,1.4603292009990487,0.6985893619552438,0.7710885054682284
2.8728728728728727,1.6620684223775402,0.661800163777462,0.7484766503909567
2.8828828828828827,1.6221227781763428,0.8532820574250735,0.6999445676832275
2.8928928928928928,1.742038703141036,0.8112550183409657,0.7159115067779593
2.9029029029029028,1.7377216823924244,0.8572734332849137,0.7150814879520471
2.9129129129129128,1.6196817037130458,0.8496214715534885,0.8537793699101618
2.9229229229229228,1.6665222127212806,1.0183577728250748,0.7353893647329462
2.932932932932933,1.7838961429794358,1.0489359916207812,0.6857098435391433
2.942942942942943,1.829805219995996,1.1747378038180203,0.6023081822135435
2.952952952952953,1.685917476408485,1.0603033904915218,0.3707444270289115
2.962962962962963,1.5617734076514276,1.0605284893918385,0.3263078756979083
2.972972972972973,1.5902061646416792,0.9220770344633632,0.17465255542590044
2.982982982982983,1.5578057057570753,0.6859255175510391,0.1647038231893783
2.992992992992993,1.476184923674147,0.6082812301401279,0.34615422482211633
3.003003003003003,1.543430921420961,0.6925778014035651,0.46886218006409475
3.013013013013013,1.587645732070068,0.6688790769561282,0.38546876290995535
3.023023023023023,1.4083903583838706,0.8063056133226444,0.266811612027837
3.033033033033033,1.3101812068888747,0.7982609170795663,0.26398390679652983
3.043043043043043,1.2847728649470338,0.9808787997979204,0.031116282362884426
3.053053053053053,1.3518290344512844,1.1319949746074847,0.031099322592142202
3.063063063063063,1.2905774798724508,1.1023560974328759,0.05734281183373392
3.073073073073073,1.1516468175169081,1.2237360496666598,0.21140843002143503
3.083083083083083,1.3569145079030953,1.1803297412934697,0.47773111582403754
3.093093093093093,1.3820430285040777,1.1834469535381091,0.478913164848609
3.103103103103103,1.3651799465851335,1.3760767994618992,0.6576080164752965
3.113113113113113,1.293539867547675,1.384913982616985,0.6710645577132055
3.123123123123123,1.2220580441424675,1.5015269778881646,0.7733674954255628
3.133133133133133,1.2428314026376852,1.378330410996785,0.7870566662166167
3.143143143143143,1.1540322156382952,1.249161588534492,0.5851354961280765
3.153153153153153,0.9752523884229539,1.2511957639873947,0.6892294136612174
3.163163163163163,0.9733141152631894,1.4235700812751386,0.8018861114644418
3.173173173173173,0.7686691320161099,1.4405560191376774,0.9166781026943
3.183183183183183,0.6300002957765096,1.8515682900752783,0.6749113628644792
3.193193193193193,0.5823745238068339,2.1441863484657264,0.4754416226563831
3.203203203203203,0.7191298158444629,2.4430845557189516,0.5379895869585352
3.2132132132132134,0.6259559529448301,2.297303862580137,0.5361779300021716
3.2232232232232234,0.5534311182191816,2.17685014741437,0.8734167703223722
3.2332332332332334,0.5943391550389557,2.0711336392529853,0.906552494486955
3.2432432432432434,0.616165357125549,2.2421923062916815,0.9127303358835575
3.2532532532532534,0.5510438948266841,2.206332722479883,0.7663575064331571
3.2632632632632634,0.8350031322832362,2.2295174957037465,0.673482587694126
3.2732732732732734,0.7330122541679319,2.1823058901572776,0.5091682401152322
3.2832832832832834,0.560367152898439,1.9456379036141025,0.2173366249417675
3.2932932932932935,0.786361067860156,1.7758909406205234,0.03719680019931897
3.3033033033033035,0.4447778408451896,1.5667954952191658,0.21276605335839788
3.3133133133133135,0.5748223903515014,1.6651305804234606,0.2095684580352674
3.3233233233233235,0.5676377427314778,1.6729531056557432,0.24884351589316733
3.3333333333333335,0.66393061087666,1.9331267903106855,0.22249569606020028
3.3433433433433435,0.8077200307460278,2.012683894391856,0.2610529708255599
3.3533533533533535,1.109481883161738,2.3502429459665164,0.36221223224659793
3.3633633633633635,1.2269447465677692,2.4042258471402187,0.3491798742447946
3.3733733733733735,1.0459708655176465,2.3409006620770163,0.470654713636371
3.3833833833833835,1.022188554839036,2.2747017036657775,0.4196620006395438
3.3933933933933935,1.0584669564338796,2.164516450410986,0.261768711548975
3.4034034034034035,0.876663579866402,1.931800547605818,0.3477126880254309
3.4134134134134135,0.8422195972497689,1.8373092986083608,0.4603690897538392
3.4234234234234235,0.8650504831052613,1.8352963476154742,0.43548079891064406
3.4334334334334335,0.7404671455547376,1.9308810727226504,0.6155644405756007
3.4434434434434436,0.4708713764319561,1.8437489817757078,0.3826617182243349
3.4534534534534536,0.2997061707991563,1.8806973378969274,0.3855938634483089
3.4634634634634636,0.2779454828552312,1.8070715393650805,0.6518299485137666
3.4734734734734736,0.2668874238161671,1.7349834029058695,0.7624205668170693
3.4834834834834836,0.0964805697155874,1.7029440812037118,0.917700315817813
3.4934934934934936,0.1745996250419667,1.555258709975392,0.6728173765730328
3.5035035035035036,0.26448554078385755,1.4021274556703436,0.4774586328150894
3.5135135135135136,0.28282058525790843,1.3939883625365022,0.22870937723428847
3.5235235235235236,0.05372736373956883,1.4070463981898569,0.27353073502979625
3.5335335335335336,-0.05154647763168206,1.2008729238392895,0.17342742079710177
3.5435435435435436,-0.4124400046297258,1.200794146153581,0.28174242969256735
3.5535535535535536,-0.21772054463397206,0.8356928496288172,0.20479401789817558
3.5635635635635636,-0.5404809340172679,0.7353343399522922,-0.0036684857121165593
3.5735735735735736,-0.5413717287870784,0.5770837757347665,0.10858080952093604
3.5835835835835836,-0.6918048067869598,0.9956878708047552,-0.2575940245665495
3.5935935935935936,-0.5942111284563886,1.230610820271027,0.06839672781062349
3.6036036036036037,-0.8043129429856691,1.1547545587533186,0.09825885753239019
3.6136136136136137,-1.178441215713944,1.1385947133515555,0.00885256644072601
3.6236236236236237,-1.1464125016552158,1.0836169729871352,0.1772429915549775
3.6336336336336337,-1.3287123046313198,1.0412353958246292,0.07369696355706208
3.6436436436436437,-1.248630967607907,0.8214040579817984,0.07096932032955344
3.6536536536536537,-1.234296553987462,0.6354891270404042,0.05691436965300337
3.6636636636636637,-1.294340597150325,0.8249537812545804,0.23368984647910446
3.6736736736736737,-1.4536597111470857,0.7553034431870714,0.40699700549650836
3.6836836836836837,-1.448746881434307,0.6625131458906414,0.3049518365519631
3.6936936936936937,-1.753811224433045,0.6436720251962984,0.2673270430867088
3.7037037037037037,-1.7208564672892486,0.686222396722268,0.3785301358041419
3.7137137137137137,-1.637279923716275,0.7424513917624481,0.6427918132969143
3.7237237237237237,-1.4541985319510826,1.05377867649196,0.5861257089674374
3.7337337337337337,-1.632075149096925,0.7634761640174651,0.7015485611965205
3.7437437437437437,-1.6035420110272676,0.7783490675798357,0.48872896176144737
3.7537537537537538,-1.5524389891409887,0.9129981905224486,0.5707079859026644
3.7637637637637638,-1.517098990983226,0.7635290098467205,0.46296983342276066
3.7737737737737738,-1.6133460823244263,0.5081003535440959,0.43348396447648924
3.7837837837837838,-1.5730194982891055,0.5884320788862341,0.5254498210267521
3.793793793793794,-1.4580647440676917,0.5043097625935732,0.5583052842625319
3.803803803803804,-1.3095419966720137,0.5294045857831584,0.4031211537361251
3.813813813813814,-1.2469708119505112,0.5597683950235482,0.5429891606458604
3.823823823823824,-1.1581023351267956,0.6508670364481046,0.5039163198128295
3.833833833833834,-1.1262926644013735,0.6793457171093846,0.729436823680107
3.843843843843844,-1.3003358591180028,0.9181629246668692,0.5403593904011802
3.853853853853854,-1.1125051001218007,0.8831681145348521,0.3956697892716622
3.863863863863864,-0.962653108785905,0.808226300694122,0.547876267191234
3.873873873873874,-1.0703573725537239,0.7708710165437798,0.31203257763084497
3.883883883883884,-1.1553045173043655,0.5277332556149625,0.4108113389432322
3.893893893893894,-1.202711278315463,0.5671705754740938,0.5413393006386871
3.903903903903904,-1.399372487702284,0.5041502720711347,0.6281445882602591
3.913913913913914,-1.5295696490957251,0.3140710334018578,0.6816723591186103
3.923923923923924,-1.4902399545061953,0.20341797297360634,0.756734082341468
3.933933933933934,-1.2964684270257676,0.07976092086974157,0.8031181784338859
3.943943943943944,-1.0478075156302862,-0.09508076388485723,0.7163951741857765
3.953953953953954,-1.0041342060807368,-0.15803705413386473,0.7159512415858669
3.963963963963964,-1.0254080045804745,-0.2517727487171319,0.6589485206472683
3.973973973973974,-1.0249464435201576,-0.20573988444317542,0.6926036830721225
3.983983983983984,-1.2517365554821485,0.06384267331587819,0.6007811177315192
3.993993993993994,-1.401802653341661,0.037836696340762206,0.6016969904343165
4.004004004004004,-1.2738119655362237,0.023161480383620398,0.48848228366491503
4.014014014014014,-1.0808109758686697,0.01743869112713788,0.3405858626611968
4.024024024024024,-1.1830475242624012,-0.09332118727569091,0.26492184597393115
4.034034034034034,-1.3194989395101415,0.1325978253226928,0.26068074662536495
4.044044044044044,-1.7246268936084554,0.4047566727990944,0.301738933128838
4.054054054054054,-1.8133655247373266,0.27182304976207616,0.3540781092165009
4.064064064064064,-1.9891542072966582,0.2854656155350066,0.4656717023586734
4.074074074074074,-2.025917348253828,0.24705779915444093,0.3086366760192472
4.084084084084084,-2.0025058659236517,0.3728264918717594,0.09323873171241595
4.094094094094094,-2.1525755669631974,0.36472912919109324,0.05495242770921515
4.104104104104104,-2.238941482049236,0.5030210116892039,-0.049620648903911796
4.114114114114114,-2.016306702864091,0.4041127143398033,0.029664948177891913
4.124124124124124,-2.0929581924789296,0.36520238589050424,0.10664468787722806
4.134134134134134,-2.0858288317250144,0.5709325040524754,0.08023244925118415
4.1441441441441444,-2.1208256190922543,0.47623180767722945,0.130016834429187
4.1541541541541545,-2.252310988797323,0.2132426909284787,0.01802918256191334
4.1641641641641645,-2.134637074211028,0.3177078702495198,0.05229749873176552
4.1741741741741745,-1.9805154601241126,0.6102129952563113,-0.09588366112388591
4.1841841841841845,-2.1572284303517177,0.7628482174101017,-0.2043878834057259
4.1941941941941945,-2.0482304092069046,0.8759822463453636,-0.3847710109874396
4.2042042042042045,-1.8977166983804952,0.9777163421344739,-0.3058536290106767
4.2142142142142145,-2.004796264213682,0.852245627703994,-0.2021282755580418
4.2242242242242245,-1.9273865037603994,0.6100801162230834,-0.2279661645740064
4.2342342342342345,-1.982014228331116,0.6997717244304266,-0.145652160458687
4.2442442442442445,-1.7189543823301099,0.69220991211954,-0.34430377553470515
4.2542542542542545,-1.6186107861946335,0.635073513330776,-0.6313853338425353
4.2642642642642645,-1.6594463653249714,0.7420033039064464,-0.6104594454828146
4.2742742742742745,-1.8085644691204932,0.8959518241864265,-0.5917960622367946
4.2842842842842845,-1.641522942177219,0.7874766713685896,-0.7702152297804408
4.2942942942942945,-1.6040804150455752,0.5773413927704737,-0.7571535693250587
4.3043043043043046,-1.5393710274591461,0.6542073465269637,-0.7906983721432721
4.314314314314315,-1.6796846067936637,0.5695192086465142,-0.7094842232617864
4.324324324324325,-1.6627091809238488,0.40939243284134214,-0.7110239098521561
4.334334334334335,-1.7330869812830454,0.29630547933073226,-0.6930070121702179
4.344344344344345,-1.7903182477091697,0.29751818526623414,-0.8457408809934202
4.354354354354355,-1.8389286193164274,0.27366735694331,-0.8869241391639717
4.364364364364365,-1.6227759957227785,0.02061740335838004,-1.0257378454694444
4.374374374374375,-1.7239883189264629,0.1339890639461632,-1.0656067627616115
4.384384384384385,-1.5550012128928183,0.044859413568344726,-1.0354107404254118
4.394394394394395,-1.6506156312054323,-0.10207003330428394,-1.3093094467717517
4.404404404404405,-1.929002624196512,-0.05195887540420735,-1.0551609741879047
4.414414414414415,-1.5597633575024488,0.027654496930501392,-0.9737693911847883
4.424424424424425,-1.5663102791125372,0.0837387442482125,-0.8519239704507553
4.434434434434435,-1.301797585700376,0.1577673423347998,-0.8726046282939117
4.444444444444445,-1.0117694520622509,-0.10113940112482159,-0.9194016517078712
4.454454454454455,-0.8872067364675325,-0.4197788440639142,-1.1307569004601707
4.464464464464465,-0.9277644343423167,-0.3543109168339658,-1.1059874573168795
4.474474474474475,-1.001269498312058,-0.40551071911742625,-0.9898007038396995
4.484484484484485,-1.1764995675053018,-0.4385970332110694,-0.9348655062547981
4.494494494494495,-1.3632343896711354,-0.046211423648350354,-1.0196371232955557
4.504504504504505,-1.2288447617799862,-0.06914050937989102,-1.0563998111793387
4.514514514514515,-1.2422728282090603,-0.18906475103426953,-1.0596742547406028
4.524524524524525,-1.1478184423588935,-0.17084502603347335,-1.1520781733491288
4.534534534534535,-1.0622225567636625,0.07038416048300329,-1.4355892840183462
4.544544544544545,-0.8351089599132561,0.20397578918167647,-1.6678104698172693
4.554554554554555,-0.841661173017837,0.09597567280349498,-1.6873649561153699
4.564564564564565,-1.0235570098773374,0.06571287679062934,-1.5062091765550663
4.574574574574575,-0.8383494124958915,0.014747727135765564,-1.5216165638761951
4.584584584584585,-0.6597376877312829,0.02256574272167036,-1.4854291107815702
4.594594594594595,-0.5816007161519056,0.144665024486262,-1.4579515035227353
4.604604604604605,-0.5106015393907107,0.02729372365460101,-1.3823770213002853
4.614614614614615,-0.4887427952009335,-0.040628517380621426,-1.432511038327233
4.624624624624625,-0.5793067163735934,0.04515265022609423,-1.4687547750251924
4.634634634634635,-0.6379172757129357,-0.01689055503839085,-1.4890943817126765
4.644644644644645,-0.6417115292019661,0.13885066837640983,-1.1303489451393582
4.654654654654655,-0.5889760570906315,0.28080740962136236,-1.0748227095620528
4.664664664664665,-0.6226780816663855,0.19417276840235895,-1.1994261293293402
4.674674674674675,-0.587573494988926,0.15398955704881478,-1.0516914196419094
4.684684684684685,-0.7364032742621726,0.09236584026448011,-1.0097392965305616
4.694694694694695,-0.6464027509564573,0.30421751778345896,-0.9494385937534849
4.704704704704705,-0.5461145642126564,0.35169357628641684,-0.8929375926362004
4.714714714714715,-0.4097659023429967,0.49493669263578055,-0.771064954252719
4.724724724724725,-0.19552046466706974,0.43683119265392334,-0.7613811527423001
4.734734734734735,-0.18783958845623663,0.6273823592836474,-0.575299464195576
4.744744744744745,-0.058134943880185114,0.5635094818857608,-0.30113211107531335
4.754754754754755,0.11248730957022504,0.5483334458508313,-0.20024231561149097
4.764764764764765,0.1408556112730256,0.4633635121549502,-0.09997988317630682
4.774774774774775,0.30154792643712885,0.44568143931755555,0.060625396893499765
4.784784784784785,0.15011439829696085,0.5590599981487802,0.20034942428369015
4.794794794794795,0.12345233627572622,0.5669742683750931,0.402971164942551
4.804804804804805,0.07601451173451282,0.7531056302968369,0.5326337492927764
4.814814814814815,0.09646649831618617,0.9799104475618727,0.6086784166887035
4.824824824824825,0.1582440001900567,1.0043838589010212,0.7116896895077103
4.834834834834835,0.06416812465023156,1.056999830453926,0.41137651759862176
4.844844844844845,0.016088067913119182,1.0463245615293815,0.36217223590626707
4.854854854854855,0.1423910515317426,1.0919372401419993,0.25754001106673974
4.864864864864865,0.2715901115802925,1.215915726673721,0.09762563917803581
4.874874874874875,0.20430282993212873,1.0302738912238019,0.10382755558893385
4.884884884884885,0.3077897340579859,0.9315884874334944,0.06244950610304823
4.894894894894895,0.2520226785411144,0.8974722708274707,-0.14344627307680793
4.904904904904905,0.397908045051725,1.1929559578672493,-0.004881987582295433
4.914914914914915,0.3313553667782995,1.0436645626972447,0.09057671159417911
4.924924924924925,0.2414376749042793,1.1786295227072743,-0.05244438859999073
4.934934934934935,0.143682413936499,1.303906382104691,-0.17619316461902745
4.944944944944945,0.08405542486162407,1.4629223219644065,-0.35134673121941473
4.954954954954955,-0.1514613622740713,1.4733365942013068,-0.21113397011202426
4.964964964964965,-0.04154411228967124,1.424905448013683,-0.12552662382900756
4.974974974974975,-0.0920086408142797,1.3599982875889522,-0.09967876527755844
4.984984984984985,-0.006702816239565687,1.3768294316622938,-0.4464310029828391
4.994994994994995,-0.07975079865592527,1.4914067813511211,-0.448631054933275
5.005005005005005,0.07959626543725189,1.476536222679737,-0.5730066118984264
5.015015015015015,0.13850139253055097,1.5914154960910232,-0.5575283354625515
5.025025025025025,0.1664308845881498,1.6912448074493132,-0.6385014245565329
5.035035035035035,0.24839694270755713,1.5004235003353137,-0.670128249721832
5.045045045045045,0.30596242695511267,1.5191844597178656,-0.7661477564744962
5.055055055055055,0.3287714832569941,1.2856163819818291,-0.8376105694437724
5.065065065065065,0.5718289242488274,1.5651101121104194,-0.8545869663249337
5.075075075075075,0.6956570435902856,1.1887199808777624,-1.0235767636954516
5.085085085085085,0.6655576447047236,1.2987565815920903,-1.0263135915727966
5.095095095095095,0.39147457351618103,1.4002735728876967,-1.0004355227874229
5.105105105105105,0.4081626255804788,1.5096455549065002,-1.163457176916576
5.115115115115115,0.4446253958048237,1.5643458221861066,-0.8671501381782285
5.125125125125125,0.5223234553679751,1.6668255133477106,-1.0574800816567425
5.135135135135135,0.47619566609284136,1.6602682474197843,-1.0986521579357424
5.145145145145145,0.4714368851806447,1.6145774080679254,-1.0518041018394373
5.155155155155155,0.5686472588165893,1.6306944154008927,-0.9896090156344648
5.165165165165165,0.3998419803438371,1.605391593970627,-0.789491058128117
5.175175175175175,0.4567698466638477,1.7489980818994122,-0.8872699863810579
5.185185185185185,0.3703562960392499,1.7007912686815114,-0.9878590175912918
5.195195195195195,0.3013063484060631,1.7003754143208791,-0.880799367471798
5.205205205205205,0.029527464862978345,1.6860153984299902,-0.554906109270982
5.215215215215215,0.332831542543396,1.973339555675637,-0.49843828861937656
5.225225225225225,0.5987523567355817,2.043035918581142,-0.4864746738510559
5.235235235235235,0.7295769735114849,2.1129882642361677,-0.4419883126931016
5.245245245245245,0.6724632152727188,2.018355230706634,-0.3514592748774309
5.255255255255255,0.6955861816425515,1.8836560540770955,-0.4653644049311059
5.265265265265265,0.7115992585331127,1.9282848118005997,-0.35266023522066714
5.275275275275275,0.5908025014515406,2.2019508513052224,-0.20345242064505054
5.285285285285285,0.3510280568525339,2.0288705876769377,-0.44662980431486765
5.295295295295295,0.3438802546598047,2.0907283672768906,-0.6940322973748002
5.305305305305305,0.4561810187109669,1.9755724791293283,-0.587435427287163
5.315315315315315,0.33933371585068206,1.9746160321393476,-0.38192471950604645
5.325325325325325,0.2493814539367876,2.1093817411459197,-0.19262298917763854
5.335335335335335,0.2838557017026433,2.276803374542973,-0.0630635256743121
5.345345345345345,0.23353882049536465,2.17836684462726,-0.02649202786246608
5.355355355355355,0.29489916679686473,2.0253892028920295,0.10682224180621114
5.365365365365365,0.16079759869165894,2.1271092267184013,-0.050592518370771125
5.375375375375375,0.18946022657445222,2.3561359160533817,-0.11954112876979182
5.385385385385385,0.38403840826633956,2.5263772228009436,-0.12574699168256478
5.395395395395395,0.6025244747800397,2.5497338764666733,-0.23754912511131254
5.405405405405405,0.47505556899360807,2.3179099889927985,-0.38991389282849187
5.415415415415415,0.5483772620514813,2.232436110365232,-0.5588394193421059
5.425425425425425,0.540066874077775,2.1655154927598104,-0.4431840423521416
5.435435435435435,0.4020716668452688,1.9554684720812916,-0.47627013491248
5.445445445445445,0.1368430840954091,2.0620314644378466,-0.28608355740918184
5.455455455455455,0.1557178340600368,2.120814985791145,-0.3979243546148398
5.465465465465465,0.3502982813333065,2.3888215133528816,-0.23380280233118467
5.475475475475475,0.3221254025714491,2.1906031780483595,-0.01791175207734648
5.485485485485485,0.0820798071727841,2.0633523484452763,-0.14766987440844626
5.495495495495495,-0.050912802902415503,2.390527679572419,0.14701013141570973
5.505505505505505,-0.04766280408476598,2.3969285969497456,-0.08957480579941329
5.515515515515515,-0.240404447581652,2.4257610319115095,0.15735910316084187
5.525525525525525,-0.16078870915197566,2.3953630974965847,0.40491385025018467
5.535535535535535,-0.38624365179693926,2.117874065872403,0.5492786539233803
5.545545545545545,-0.39145970896632915,2.0769867791375924,0.6276161358278433
5.555555555555555,-0.2471707133264544,2.148736916410297,0.9187626687373324
5.565565565565565,0.004626665485156112,2.1551779719930853,0.7110604851327551
5.575575575575575,0.018704117967497345,2.0851945988987337,0.7104073269306992
5.585585585585585,-0.12530899973287501,2.158911976536353,0.7418625122081621
5.595595595595595,-0.21858013511053512,2.1728421213895057,0.6152807193349433
5.605605605605605,-0.40933562959791703,2.0288449687473147,0.5865676235978965
5.615615615615615,-0.2654645344992462,2.1500757418075107,0.4714989442997712
5.625625625625625,-0.3220216999316737,2.126347679919591,0.56903145060308
5.635635635635635,-0.41763461813305347,2.1611995533132515,0.7117661276645161
5.645645645645645,-0.4692892599140306,2.114163900054663,1.0488123931733586
5.655655655655655,-0.724344310308686,2.0950521266393753,1.039691612428216
5.665665665665665,-0.7787312633884897,2.275855831006118,1.2560158229753846
5.675675675675675,-0.793636507068,2.5112951358075555,1.2606543640826153
5.685685685685685,-0.8845871945415549,2.4883372049712644,1.1388764543036622
5.6956956956956954,-0.8540101212845439,2.488084858292076,1.0518861474949424
5.7057057057057055,-1.0097088783257697,2.422403149995055,0.9166852547580963
5.7157157157157155,-0.7732868336519436,2.3252920941902833,0.9640271027900126
5.7257257257257255,-0.8318949634823125,2.3042005506269563,1.3459975785202554
5.7357357357357355,-0.7855272006412474,2.211941234542874,1.385562429262775
5.7457457457457455,-0.6241982028479606,1.9779993469071624,1.3393235519046254
5.7557557557557555,-0.7730681632478591,2.1298715303329776,1.5026490221672546
5.7657657657657655,-0.6027659405572037,2.0320730292236178,1.3999549480218891
5.7757757757757755,-0.45762347779822315,2.2206108753944958,1.2208502366962668
5.7857857857857855,-0.5718913684896452,2.199712164558614,1.0744568178954237
5.7957957957957955,-0.5380116401659437,2.107133016760696,0.9668597755424998
5.8058058058058055,-0.7756709821502626,1.8858234629679116,1.008422586307081
5.8158158158158155,-0.7261258778488734,1.9045681478001746,0.9335943101463038
5.8258258258258255,-0.9852046032492099,1.8876621426007794,0.8179286084087798
5.8358358358358355,-0.763422403287756,1.5365911529789131,1.032282833391744
5.8458458458458455,-0.9482514330968533,1.3205324308813127,1.1923422951624438
5.8558558558558556,-0.9557949248720259,1.3801674416114518,1.2203426999793325
5.865865865865866,-1.0890444709529183,1.575573965001649,1.311287744822633
5.875875875875876,-0.8903478446698316,1.4995229096177713,1.3355633703413374
5.885885885885886,-0.7287991942827737,1.8268705159712137,1.3229089421053606
5.895895895895896,-0.8252783063721417,2.056568331981892,1.3825170458188032
5.905905905905906,-0.8623277242003344,2.113423211453733,1.4681825520137757
5.915915915915916,-0.6559586668076948,2.028222169764163,1.644657688250103
5.925925925925926,-0.6324197754186537,2.001020447142494,1.746580479067719
5.935935935935936,-0.5747777556575389,1.6787861383376537,1.3081224358267578
5.945945945945946,-0.5655947136247658,1.7872899064863483,1.1168552664979625
5.955955955955956,-0.5211350300243034,1.9333605990191856,0.748427224671033
5.965965965965966,-0.3430693922996739,1.9837482015440968,0.9793991757928101
5.975975975975976,-0.3663211967171961,1.8103013845000362,1.0066917336452779
5.985985985985986,-0.18041860100281035,1.6955792017656546,0.8217991929030376
5.995995995995996,-0.4183269570342351,1.687757845728626,0.6221512466422398
6.006006006006006,-0.41444744146902557,1.7373070312894168,0.603250306247465
6.016016016016016,-0.1753970750549635,1.6121898127565004,0.5228356689123818
6.026026026026026,0.06682169869310597,1.5017281116180448,0.40703842581916944
6.036036036036036,0.18695788779933215,1.626697510616254,0.6049908635593075
6.046046046046046,0.14820924060170593,1.9253839463746276,0.4903295942268185
6.056056056056056,0.296791003322619,1.7067300165819035,0.5507253796965524
6.066066066066066,0.08851746743297602,1.7958091831248488,0.6338156288764678
6.076076076076076,0.2187663031049235,1.7340001635683722,0.8595949381329304
6.086086086086086,-0.060575257602701514,1.602812172533548,0.8417816193645726
6.096096096096096,-0.051527869527898146,1.8719068030938146,0.8955901668240669
6.106106106106106,0.13653474398624038,1.9521295706077804,0.9545191130389944
6.116116116116116,0.11546244636043687,1.9452080394335654,1.076502633093608
6.126126126126126,0.04071594135637169,1.9700189610224397,1.0588922375192884
6.136136136136136,0.02206386393797767,1.890032152500212,1.0467447366372042
6.146146146146146,-0.11012902928174219,1.9290004951001924,0.7960492938030697
6.156156156156156,-0.10616514956963163,2.1424098497620276,0.7927064460299866
6.166166166166166,-0.007177326266488055,2.16679233680814,0.90388553862848
6.176176176176176,0.1507898563418091,2.2207311811647634,0.8577649812756737
6.186186186186186,-0.05505507981285058,2.2009307122934474,0.9032646628015784
6.196196196196196,-0.09052005714755487,2.2477723055330614,0.8874049305686058
6.206206206206206,-0.07614339140484366,2.0822102718060322,0.9542725121580505
6.216216216216216,-0.26330581469407177,1.8444641593961397,0.9751716450839641
6.226226226226226,-0.48300897877066695,1.6559160464493898,0.720158080722649
6.236236236236236,-0.4108765461747752,1.629796350270752,0.8595843302745998
6.246246246246246,-0.4510939062278808,1.545121180485327,0.7605859638007094
6.256256256256256,-0.6913874693594285,1.47874534725781,0.9368725162120208
6.266266266266266,-0.6605698172467321,1.6067820339092862,0.7216633264431687
6.276276276276276,-0.7166696854133245,1.7156289283346882,0.3822730342430414
6.286286286286286,-0.6559922356687085,1.6891469145209457,0.3629981698884741
6.296296296296296,-0.7427673028567299,1.5423677769160622,0.43511285368005936
6.306306306306306,-0.804081264924865,1.421729827151797,0.52361048155009
6.316316316316316,-0.8118414116705002,1.3972273792151158,0.42050484360118345
6.326326326326326,-0.8211007324280509,1.4826864354359897,0.3221850743209701
6.336336336336336,-0.8791937570473043,1.4519263921552137,0.5116439998112537
6.346346346346346,-0.8707227511025992,1.273830891278434,0.38708980721792635
6.356356356356356,-0.8475589636882329,1.5710754170281602,0.47830021991077654
6.366366366366366,-0.816093476239055,1.7182808615853857,0.5238983672902578
6.376376376376376,-0.6771964078723071,1.6650726410841672,0.41248861549701343
6.386386386386386,-0.665522746219355,1.5042514282103165,0.5004404964016402
6.396396396396396,-0.49647384066841,1.652106935267212,0.30419416734226706
6.406406406406406,-0.5743905042205328,1.6095204013398987,0.3713785728915351
6.416416416416417,-0.43005023836604556,1.5513381350994162,0.03874291280866953
6.426426426426427,-0.6174721710030048,1.5462479714524546,0.12789267559545767
6.436436436436437,-0.7779843932278132,1.7856029610126156,0.09305378561080623
6.446446446446447,-0.7349146805620493,1.6385755804439208,-0.20110192796432044
6.456456456456457,-0.5554142660279342,1.781759066065315,-0.10361799705389166
6.466466466466467,-0.5795623166981766,1.6589502396325648,-0.047370562496897355
6.476476476476477,-0.4303500214496991,1.7254322832558553,-0.013953055940814032
6.486486486486487,-0.2920088383196549,1.7572922269007205,0.08259830344772799
6.496496496496497,-0.08921493675263045,1.627245346134991,0.1387891300151006
6.506506506506507,0.12937977552152774,1.4599943292283466,0.15392330946500238
6.516516516516517,0.14449684787851153,1.350936292279941,0.06049829361843848
6.526526526526527,0.1344253892377561,1.5035921920357265,-0.050662964124694836
6.536536536536537,0.3009525410245416,1.3873223013033498,-0.14444885883514358
6.546546546546547,0.1737405653671251,1.466192994027237,-0.3050370036871161
6.556556556556557,0.23660851059946383,1.2694851506172575,-0.29253555937901
6.566566566566567,-0.0023340023554931644,1.120670167658424,-0.3606263099781676
6.576576576576577,-0.14116775447923713,1.3063272026518473,-0.32818462276021204
6.586586586586587,-0.15045680267267555,1.2403631962601978,-0.33566397855936947
6.596596596596597,-0.14586689759381824,1.2931336638133843,-0.37169382407335183
6.606606606606607,-0.10065145059361869,1.2298562824798198,-0.6597467571775165
6.616616616616617,-0.3162606506252602,1.3401156319382366,-0.6532327561481088
6.626626626626627,-0.41889331440506206,1.2271253877926367,-0.640387778254484
6.636636636636637,-0.47942585599655185,1.2736932907320637,-0.4523275439414301
6.646646646646647,-0.4279016449084292,1.4017266699292648,-0.233593825970155
6.656656656656657,-0.42436714568255074,1.3774109694598333,-0.030184662216448964
6.666666666666667,-0.29723023686859246,1.5110080163906294,0.05878492716711386
6.676676676676677,-0.28005628607046523,1.4824723398094373,-0.1813906429024381
6.686686686686687,-0.33693363556628814,1.5883031886980465,-0.09763915851475052
6.696696696696697,-0.3725655885236058,1.4710721069573394,-0.11488679641363428
6.706706706706707,-0.3084491186434381,1.4800178791222534,-0.15707449314810468
6.716716716716717,-0.21892620480693023,1.3669394946723323,-0.1794469723887787
6.726726726726727,-0.31387027664998157,1.7161985873795145,0.027850571123569364
6.736736736736737,-0.2640014179506853,1.8130140569985567,0.11754439762015104
6.746746746746747,-0.17624033249195098,1.8640198003705828,0.31901281593720676
6.756756756756757,-0.3369344388838586,1.6921721208574794,0.24931879314930222
6.766766766766767,-0.024003030906839223,1.4209519714730172,0.19792390544453978
6.776776776776777,0.016020370367516815,1.5156243396731908,0.22668036314288026
6.786786786786787,0.014558743025261847,1.3974282372815097,-0.07464304583467353
6.796796796796797,-0.14846410376753694,1.2484472047493016,-0.04732192197289384
6.806806806806807,0.057879383144708446,1.2719483095790223,-0.15478185023969704
6.816816816816817,0.16523549949982375,1.2850443762236838,-0.08236565991026178
6.826826826826827,0.12235350585887879,1.446203488255719,-0.29460439557978607
6.836836836836837,0.2061949288184607,1.257611682634174,-0.3870157492422923
6.846846846846847,0.11210565877308384,1.2442985752069808,-0.3224345174857888
6.856856856856857,0.2664605615928203,1.2488822544284113,-0.1482560983302897
6.866866866866867,-0.0066272122196767945,1.3411448407909805,-0.17895088858317004
6.876876876876877,-0.20417978968196718,1.2431765911868353,-0.24577802430509935
6.886886886886887,-0.21843182542380318,1.2868382674140486,-0.0594152204381073
6.896896896896897,-0.20131344166231963,1.3305719045011135,0.03808351671382998
6.906906906906907,-0.16407644562544,1.371142365763185,-0.3277609790936229
6.916916916916917,-0.027466975172618542,1.3556053653631148,-0.502124493893461
6.926926926926927,-0.15068654374082738,1.2159366253963477,-0.36930930979228455
6.936936936936937,-0.06262422484637972,1.0516004816396785,-0.29926314176603175
6.946946946946947,0.011191280556628644,1.244333149929718,-0.31913395413555246
6.956956956956957,-0.23033919967350233,1.0230238191353052,-0.33956551635277404
6.966966966966967,0.07304670964948037,1.020248040222471,-0.49970884681525896
6.976976976976977,0.013123970998846594,0.7942708237543865,-0.37940226161130863
6.986986986986987,-0.17207929440710043,0.756892844987481,-0.18664209875259455
6.996996996996997,0.05307127319824693,0.6912440060617873,0.15761086921264678
7.007007007007007,-0.07638240177979894,0.5154244095297591,0.13537036093646534
7.017017017017017,-0.037446669906513366,0.6139555932947625,0.2558464744247316
7.027027027027027,0.16696210700271835,0.5778870200433437,0.34891401717805065
7.037037037037037,0.0347947309770095,0.8822277895219478,0.38127877943484073
7.047047047047047,0.21432785177527935,0.6907384142108338,0.5545034261411048
7.057057057057057,0.3082384408678922,0.5295741003537511,0.4184796205456363
7.067067067067067,0.20520762919200347,0.540796664247702,0.21607995963877696
7.077077077077077,0.21300648635682706,0.6642520104169947,0.13149291449091666
7.087087087087087,0.3691201970963884,0.7788807183407053,-0.0038265658647140266
7.097097097097097,0.2733935070214428,0.5830480689607321,0.075340984728116
7.107107107107107,0.3286678300557135,0.4710795505267584,0.2124039609914615
7.117117117117117,0.17275701780368857,0.35182695855784824,0.3991016333440043
7.127127127127127,0.011733156727752464,0.4060783329833465,0.48040926719355126
7.137137137137137,0.008287774499911967,0.3609579222126883,0.5732839246643471
7.147147147147147,-0.054165997864438334,0.44322608821248505,0.6965631287067497
7.157157157157157,0.019607029900775518,0.30761567980330995,0.6581393961245017
7.167167167167167,0.05435454444270513,0.1278489108323489,0.391927802021883
7.177177177177177,0.09782168683489365,-0.013700363743889953,0.45123860982082387
7.187187187187187,0.13805986381749855,0.03744902396255318,0.16593159208257324
7.197197197197197,0.09376396412174248,-0.20581264322904616,0.01077633144892122
7.207207207207207,0.18571068764073603,-0.14130070721724125,-0.024599653881115457
7.217217217217217,0.11648354451207113,-0.30280792764418446,-0.18493140207366773
7.227227227227227,-0.022211696862799224,-0.21071311584258479,-0.1463106876507781
7.237237237237237,0.13798953572839903,-0.28970325231606225,0.031031666165333968
7.247247247247247,0.14029259483490789,-0.16959601877911343,-0.08327396247464605
7.257257257257257,0.1613314352372721,-0.038545100074597216,-0.12280497557367455
7.267267267267267,0.2910575290877832,-0.1093400783546201,-0.06493748237467957
7.277277277277277,0.14977134928931515,-0.21519266549859262,-0.14799981324738984
7.287287287287287,-0.13861895093548476,-0.2500157805337985,-0.3223804162286761
7.297297297297297,-0.19766784686830685,-0.24550767225280618,-0.3576140374727773
7.307307307307307,-0.11586102756593376,0.030575097652866527,-0.6393639181746962
7.317317317317317,-0.04371628505885681,0.09053773741933355,-0.8096012227272629
7.327327327327327,0.24675765541767564,0.0035332725495027736,-0.7404397777367069
7.337337337337337,0.1077363949909389,-0.011019019930715829,-0.7451904195758474
7.347347347347347,-0.01291898629320534,0.04909426612411209,-0.7608452881654876
7.357357357357357,0.12806048975233839,-0.25989035556331586,-0.8512560085369754
7.367367367367367,0.04223624821655346,-0.004662642085792524,-0.8527265377741594
7.377377377377377,-0.08908976552584993,0.1783956072398633,-0.9946179328889447
7.387387387387387,0.08180411991007126,-0.056867845572700984,-1.2018194603154368
7.397397397397397,0.2536505618131971,-0.061853957748648096,-1.2103237546103287
7.407407407407407,0.19003841962228113,-0.16668485189465007,-1.1557662363241725
7.4174174174174174,0.17536076379018534,-0.0688459984365043,-1.0116290041861353
7.4274274274274275,0.26431057891500825,-0.1940003583570642,-1.0140778621465818
7.4374374374374375,0.10830220615578781,-0.09386688491234152,-0.8012478756351248
7.4474474474474475,-0.00597355873495703,-0.08000446256257145,-0.8733719344240708
7.4574574574574575,-0.1793106225956552,-0.15001368439037,-0.8589258199757049
7.4674674674674675,-0.0839104110051995,-0.13045799936506758,-0.7602539328494672
7.4774774774774775,-0.18904192623773322,-0.20119026145875804,-0.6215105800203142
7.4874874874874875,-0.3851765705810005,-0.22638091346044348,-0.44578767933776337
7.4974974974974975,-0.19265436953840978,-0.32573682824675326,-0.33850580186804513
7.5075075075075075,0.15938722463103283,-0.16671641044386548,-0.16594164214005597
7.5175175175175175,0.1658903196971125,-0.13265632073169917,-0.15251179540855914
7.5275275275275275,-0.07864754107242836,-0.04848201339024687,-0.37098177685579986
7.5375375375375375,-0.04713446783143362,-0.11551798937950465,-0.3272846852551897
7.5475475475475475,0.14109459086463222,0.11885195175047011,-0.3045903894545648
7.5575575575575575,0.047599633428078506,0.015006625442926691,-0.40680390338424866
7.5675675675675675,0.3925780949442626,0.08810096950419798,-0.6199495538164915
7.5775775775775776,0.28037509866445365,0.06960640169656446,-0.44389320851265135
7.587587587587588,0.3520398876746929,0.008435789119924583,-0.5729240884284199
7.597597597597598,0.3856456305325045,0.265414740182891,-0.7343238311583236
7.607607607607608,0.31413773852008126,0.21484527712024795,-0.4021024424373612
7.617617617617618,0.32624173871634843,0.45987212597385935,-0.31876500243228606
7.627627627627628,0.16145899010786818,0.40008985627615756,-0.48872740557099204
7.637637637637638,0.19079708444852728,0.19680394168954396,-0.5387246438886959
7.647647647647648,0.13713103504308857,0.27145511275823997,-0.4011135598264678
7.657657657657658,-0.02265153727294649,0.35523296661250936,-0.4019097200650495
7.667667667667668,-0.03467905929680326,0.29029779656061677,-0.5407504366640106
7.677677677677678,0.007964405281281298,0.2736491296718518,-0.5876241231885755
7.687687687687688,-0.11924864167660013,0.3122615326405777,-0.6449406479355094
7.697697697697698,-0.16316265131844138,0.46405360367256215,-0.5267458090103649
7.707707707707708,-0.17535107501340796,0.1763308412243519,-0.5932409455952093
7.717717717717718,-0.2981572831986866,-0.03145060199502028,-0.5422078765459704
7.727727727727728,-0.27513157100288377,0.06910500958094076,-0.594757969503351
7.737737737737738,-0.27134057637945064,0.18002104420871423,-0.29985915954152265
7.747747747747748,-0.028801950053791568,0.049821853875683574,-0.2573473171182298
7.757757757757758,0.06423616201009706,-0.0763515209875997,-0.2384729277559441
7.767767767767768,0.019400467684378857,-0.10767695763383854,-0.2755959691131663
7.777777777777778,0.21193298262364593,-0.08004679743703833,0.04425367497845653
7.787787787787788,0.14519662797582575,-0.3049157378679281,0.19632698746423846
7.797797797797798,0.2902303510845035,-0.22988884765933873,0.1148834734362834
7.807807807807808,0.5587535129047031,0.03278861173364182,0.14648867916780028
7.817817817817818,0.6674711477264806,0.0289508409371899,0.09429990973181838
7.827827827827828,0.6068327990373527,0.14684734428311536,0.19687666407176918
7.837837837837838,0.5184640317873481,0.20880557797113483,-0.006309143657082187
7.847847847847848,0.4412539553923818,-0.018411449301628222,-0.24458395990531698
7.857857857857858,0.322006325927158,-0.20545341694209582,-0.017547170737090438
7.867867867867868,0.25307695880280273,-0.28316428551793205,0.10715401265777517
7.877877877877878,0.6004662061748941,-0.07001316939101658,0.05360821435872447
7.887887887887888,0.4957059017235492,-0.2582815402902175,-0.29706742172757283
7.897897897897898,0.4012575659673971,-0.176807924247541,-0.5395445137909326
7.907907907907908,0.24939302258882337,-0.08862872663785737,-0.49042210911212614
7.917917917917918,0.23436807711363128,-0.16902864960659536,-0.5918478256277344
7.927927927927928,0.17862273662016429,-0.24717448182348767,-0.9718792314149642
7.937937937937938,0.3798629769745119,-0.39373893519490666,-0.8614650923996816
7.947947947947948,0.17648427314978193,-0.46379734632412883,-0.9090214465692994
7.957957957957958,0.18312430170495303,-0.44541180068769337,-0.7155349782300863
7.967967967967968,0.10620554654031363,-0.45554451689418424,-0.5652250484687917
7.977977977977978,-0.1984342677209799,-0.26599792787195226,-0.6453697891275285
7.987987987987988,-0.08445490368404801,-0.449300178796848,-0.6622118723422056
7.997997997997998,0.05625893068212083,-0.5023650353053414,-0.9609154155098254
8.008008008008009,0.1300065515310411,-0.5542409040503955,-0.8803566214291155
8.018018018018019,0.17384735529567621,-0.7912002089010275,-0.9012117657011334
8.028028028028029,0.12232438094431028,-0.8924687370553296,-1.1242852801273862
8.038038038038039,0.16553472702461092,-0.9539487674717233,-0.844702732344992
8.048048048048049,0.41573542320550516,-0.9549233083830176,-0.8961656597080921
8.058058058058059,0.5173787474177934,-0.875746883590369,-0.9397415641703032
8.068068068068069,0.5682054577684336,-0.8449229902354458,-0.9060830028441753
8.078078078078079,0.5841290027500112,-0.7415266904266764,-0.5902171099244445
8.088088088088089,0.14691106251604252,-0.9598142888547672,-0.651873470613821
8.098098098098099,0.2517085004158983,-0.9785947174615707,-0.7899555766097675
8.108108108108109,0.5522711372957486,-1.0209348690416837,-1.0585710784874234
8.118118118118119,0.4348470358387157,-1.1648302340213064,-0.8377591166677909
8.128128128128129,0.49666150101283024,-1.2594370233862018,-0.7471661169420486
8.138138138138139,0.4626819636241829,-1.1995704411324313,-0.746730608196582
8.148148148148149,0.5477929328358669,-1.1784536960354366,-0.45667588653481417
8.158158158158159,0.5168234791160965,-1.2876829367386304,-0.4779087172911994
8.168168168168169,0.41580359524039573,-1.1965556509952897,-0.3719994459073565
8.178178178178179,0.6964858800043786,-1.060756030465144,-0.2393539004938018
8.188188188188189,0.6989332830277589,-0.9564177627507793,-0.12098143098716144
8.198198198198199,0.8317103261143994,-0.9285955499883438,0.11270331319505295
8.208208208208209,0.5218039129455603,-0.9590250358901968,0.10051882918979707
8.218218218218219,0.5194310288361883,-0.7732551317970223,0.08188055505356531
8.228228228228229,0.38478758492607235,-0.9045509646711186,0.25548233216643906
8.238238238238239,0.43832953400710345,-0.8713005218860937,0.24180035112008277
8.248248248248249,0.5321075144131572,-1.2031599640152273,0.15705313507812338
8.258258258258259,0.4395399799896178,-1.220395087116354,0.17895570508060432
8.268268268268269,0.46704000329811035,-0.9581709938330304,0.24738124478438278
8.278278278278279,0.4621615755425382,-0.7881627655795257,0.20148188591455693
8.288288288288289,0.6238690219604601,-0.9363219538266073,0.4179549652907707
8.298298298298299,0.8607756193405404,-1.0044412991643528,0.6585904953858888
8.308308308308309,0.9723573477529796,-0.7534366823392878,0.5495147575957194
8.318318318318319,0.9096723077022989,-0.6512217670965598,0.6795914464111088
8.328328328328329,0.8675016040408272,-0.5942091441912967,0.8061281593187529
8.338338338338339,0.8543348175001141,-0.4214949375665901,0.9809032347783546
8.348348348348349,0.9339679139537967,-0.4146139264492359,0.9610831937415936
8.358358358358359,0.9693207361087135,-0.3817848730803183,0.9811525160957925
8.368368368368369,0.9800733727589882,-0.651920927078748,0.9618937135205007
8.378378378378379,0.8464485809426084,-0.49013352106155994,0.8772149032075975
8.388388388388389,1.091938161377338,-0.37311862771661675,0.8081367628028734
8.398398398398399,1.116645987075131,-0.3201123107215464,0.7871062339518733
8.408408408408409,1.0586063026591492,-0.2838782000817554,0.7208135499622401
8.418418418418419,1.221589224423842,-0.26839160805054685,0.5615097330661774
8.428428428428429,1.1377822751283129,-0.11231435119499938,0.5712259274269138
8.438438438438439,1.0933496406696,-0.2801559707975279,0.5499595114547413
8.448448448448449,1.1779622250040214,-0.3650827428715503,0.7007295120433488
8.458458458458459,0.954718537146086,-0.27508620182721283,0.7634009949679198
8.468468468468469,1.06844205638856,-0.27206158896811067,0.540250719571007
8.478478478478479,0.8864251580139874,-0.33460439215788285,0.5661850970495697
8.488488488488489,0.8260236764902701,-0.35258500592259756,0.33179409591876974
8.498498498498499,0.5294454074158074,-0.42491385603312143,0.14095258201371225
8.508508508508509,0.7990846184276879,-0.20905099739000485,0.1471367602142877
8.518518518518519,0.6233395931111179,-0.2900435857313066,0.21837611848866595
8.528528528528529,0.7265417949550697,-0.2065377179829051,0.32584676962127607
8.538538538538539,0.7272033031060479,0.05330528216030132,0.1990721739757783
8.548548548548549,0.9340543222346459,-0.1885315115581471,0.25195457831528684
8.558558558558559,0.8725479103150166,-0.5688438173561218,0.1965703945481535
8.568568568568569,0.7562363638120366,-0.43070456535538243,0.12093268245410968
8.578578578578579,0.7981228299757366,-0.47094699537898593,0.3081642218259614
8.588588588588589,0.5768122775946796,-0.27806801480119897,0.2542032910748671
8.598598598598599,0.44543555740075036,-0.3237167815733254,0.24572611945950318
8.608608608608609,0.43292353022242547,-0.23766342576378616,0.35375143594401365
8.618618618618619,0.6499990331715763,-0.2692039520176319,0.43900291333013436
8.62862862862863,0.4262932725054393,-0.31956366281092047,0.599499893304674
8.63863863863864,0.34282399512582173,-0.47707809187993166,0.5780233783223306
8.64864864864865,0.1042734562087627,-0.6439038657325139,0.6149573598255744
8.65865865865866,-0.08130318038475604,-0.6412522814221723,0.46045074385937645
8.66866866866867,-0.028134898113692554,-0.6330603570797936,0.6126557718633456
8.67867867867868,-0.19907413207349883,-0.6345820001682997,0.43615338377974916
8.68868868868869,-0.3283125729800795,-0.7516511072849177,0.30359646437705345
8.6986986986987,-0.19732892414482422,-0.8339478508251885,0.13924403475957586
8.70870870870871,-0.1785685723464626,-0.9552147081222274,0.09027381800200193
8.71871871871872,-0.16691656271477862,-1.0664875752113596,-0.24149125273103528
8.72872872872873,-0.11284347409787565,-1.0405592587423464,-0.25091588913169516
8.73873873873874,-0.09261544334287287,-1.0408712364270747,-0.421594810982048
8.74874874874875,-0.2098843201527706,-1.0772594778620075,-0.4825045611726106
8.75875875875876,-0.21514970925486943,-1.1175344100130857,-0.44525700928340256
8.76876876876877,-0.44865775098053345,-1.348104351882069,-0.3978729369766505
8.77877877877878,-0.3210138233572807,-1.2774004868975035,-0.6123460155750383
8.78878878878879,-0.22092057998146436,-1.3115000159744097,-0.5267232531327563
8.7987987987988,-0.1409779187598572,-1.244319805078565,-0.5078969741778442
8.80880880880881,0.23854536349046873,-1.3694884379046905,-0.5495329131879404
8.81881881881882,0.32636590488266637,-1.4302579293701085,-0.5327958101182063
8.82882882882883,0.2671368225917141,-1.501060286670681,-0.3517114756726596
8.83883883883884,0.20530951431699956,-1.553116084869039,-0.4313629790790541
8.84884884884885,0.13119924396564758,-1.6191059043418279,-0.6436978502141087
8.85885885885886,0.24877852156727048,-1.544680106056765,-0.33919855622932094
8.86886886886887,0.19527937744798834,-1.3947596037636711,-0.12909518092656064
8.87887887887888,0.2576885669454932,-1.5132521430635775,-0.058638759272357587
8.88888888888889,0.005629839696061394,-1.4926520169136928,0.0899114880552541
8.8988988988989,-0.0753857310463895,-1.2620871417740285,-0.13954920789865544
8.90890890890891,-0.32805892773188233,-1.1418212415686402,-0.3251809906018903
8.91891891891892,-0.31810216934122904,-1.2643437523627,-0.3094614794927222
8.92892892892893,-0.2148107943375888,-1.017619232540568,-0.4822599394176042
8.93893893893894,0.014896109320512718,-0.8146800300114201,-0.6933496800274246
8.94894894894895,-0.08137491500951315,-0.7978575948413752,-0.837160395542417
8.95895895895896,0.19982241250920002,-0.8867714488976688,-0.8253823450327924
8.96896896896897,0.41530765512986184,-0.7878253185954958,-0.7521487652145649
8.97897897897898,0.6357222080893452,-0.846544477128921,-0.749299114182603
8.98898898898899,0.4977218109266856,-0.6849422447263879,-0.8134030998012425
8.998998998999,0.144783311642807,-0.6451602392271537,-0.908405792748128
9.00900900900901,0.035434218063051,-0.7211860454599703,-1.1759497513288137
9.01901901901902,0.2870817956841894,-0.7977736205012339,-1.0419972887472493
9.02902902902903,0.33737456924066517,-0.8691981942554889,-0.7515224784971495
9.03903903903904,0.5792433177238466,-0.87535513084435,-0.8701819271248804
9.04904904904905,0.42084381645251806,-1.0283452508259399,-0.880253310142861
9.05905905905906,0.16638757735700713,-1.066555919306932,-0.8867168614861841
9.06906906906907,0.23891876187422784,-0.9451038040530896,-0.7746711976112328
9.07907907907908,0.6087565873668592,-0.944938054753178,-0.8218795929842772
9.08908908908909,0.5395448250271034,-0.9877354145210403,-0.979384884634366
9.0990990990991,0.6624751278243814,-0.8139681082079496,-1.0107176648502814
9.10910910910911,0.7580369667551399,-0.7554430161856953,-1.0643221665192752
9.11911911911912,0.6272506688942553,-0.694734824359926,-1.0614664476261297
9.12912912912913,0.5042425022221151,-0.6704172580605148,-1.0457685204091738
9.13913913913914,0.5567878948305348,-0.5752403188068019,-0.935262459964888
9.14914914914915,0.7020541270432955,-0.7167084928128492,-0.7802963266860343
9.15915915915916,0.8531636056157863,-0.9159729067555928,-0.8797574679751955
9.16916916916917,0.8035705082166834,-0.9624497701350389,-1.0546038602223184
9.17917917917918,0.5583557111622548,-0.9634911307937725,-0.9949864558829099
9.18918918918919,0.5593152493103539,-0.9792519533861345,-1.0866881161268314
9.1991991991992,0.598771114968021,-1.0967281623887841,-0.9793691440883414
9.20920920920921,0.40854984834608915,-1.218639104306718,-1.0313724424534683
9.21921921921922,0.3352190602071658,-0.9828518268200956,-1.0496120891903316
9.22922922922923,0.4765986031251129,-0.9775849362785267,-1.0131453568589226
9.23923923923924,0.5505944015105738,-0.8713133590575507,-1.0308819698601495
9.24924924924925,0.6277860746204098,-0.7073829368015401,-1.0333550462703889
9.25925925925926,0.34582315643876826,-0.7957667020720045,-1.2329046262467966
9.26926926926927,0.5387796844821104,-1.0945700967860619,-1.4361559906035493
9.27927927927928,0.09067848398123339,-1.2963169588637002,-1.426335347558323
9.28928928928929,0.01807403083118091,-1.197907491984833,-1.073975026576181
9.2992992992993,-0.008013892020798202,-1.005981398857022,-0.9833954702335845
9.30930930930931,-0.13007234080166397,-0.8277930898162282,-1.039640343859909
9.31931931931932,-0.015324269800502568,-0.8773931409020358,-1.0872887265785083
9.32932932932933,-0.27161997924784254,-0.8064287928281402,-1.027952529619282
9.33933933933934,-0.28368870378876704,-0.8591954277335452,-0.9583126603821599
9.34934934934935,-0.3255048725203783,-0.6892756429271831,-0.8577298936788286
9.35935935935936,-0.42220868464668115,-0.801475078462816,-0.7932039374576455
9.36936936936937,-0.3694280267010723,-0.5648734586511606,-0.5222350208822857
9.37937937937938,-0.5126588442029311,-0.43557432169653865,-0.5123026307333233
9.38938938938939,-0.47291089210668763,-0.2961272102315214,-0.7235505885639675
9.3993993993994,-0.4478062966420013,-0.2633885255378087,-0.720052999001455
9.40940940940941,-0.42613450417122384,-0.22604701282260034,-0.5693187010885755
9.41941941941942,-0.2881683134542416,0.1783463246276776,-0.46272428326726917
9.42942942942943,-0.43589042762165187,0.12407179474351926,-0.44611142104710366
9.43943943943944,-0.2873468950339439,0.18807809883765297,-0.4052835066489283
9.44944944944945,-0.33162991788113694,0.1925133159723506,-0.4896872604247463
9.45945945945946,-0.36739964875184367,0.2410201506692866,-0.4540338666867665
9.46946946946947,-0.32437356638544035,0.1474710366204941,-0.50377756489211
9.47947947947948,-0.21155919012342922,0.22748377071943723,-0.5715230140531977
9.48948948948949,-0.30142869435209485,0.2481554391429886,-0.6515061313717536
9.4994994994995,-0.4290215956570768,0.4835291388083553,-0.8934641943474453
9.50950950950951,-0.46750970186342056,0.597067278836746,-0.9761036509010731
9.51951951951952,-0.639563727709642,0.5456257968182355,-1.0201541457862187
9.52952952952953,-0.7633999576140384,0.5333479488418728,-0.9634157370796645
9.53953953953954,-0.6991737717398818,0.49581796050969307,-0.9190249177541792
9.54954954954955,-1.2498962001836864,0.47727362445150356,-0.9733796675164869
9.55955955955956,-1.340648245193733,0.31663370674837815,-0.8469029611209127
9.56956956956957,-1.362017343749649,0.2243728677545674,-0.9348106705945654
9.57957957957958,-1.303169088967569,0.21358553489847718,-0.8512635805915492
9.58958958958959,-1.6231759286872567,0.1670244933784641,-1.1586128980273231
9.5995995995996,-1.8146571432630207,0.4256657174088794,-1.3000867179482496
9.60960960960961,-1.9050688668200464,0.5473837977306268,-1.2011888069522665
9.61961961961962,-1.8851931078864528,0.3295989347167556,-1.1350096855691159
9.62962962962963,-1.9054733571590672,0.08297299832694491,-1.0840050382617357
9.63963963963964,-1.8508663182392284,-0.038651008712278084,-1.4531100477369738
9.64964964964965,-1.808796770902799,0.053600279320028685,-1.490050827263174
9.65965965965966,-1.6217082511070584,0.23222398298093935,-1.4230725091019307
9.66966966966967,-1.7267127756726859,0.2946456367535234,-1.6058368433563366
9.67967967967968,-1.6376275636717808,0.24691651530170416,-1.5180200212940866
9.68968968968969,-1.5520997871214877,0.2258853048870847,-1.7995221069554652
9.6996996996997,-1.612786317959924,0.3186236978580256,-1.80627263248624
9.70970970970971,-1.4356887328759402,0.21141850434739323,-1.665317398701891
9.71971971971972,-1.4104346108557841,0.28733628472946493,-1.4970549505903292
9.72972972972973,-1.2696130599166116,0.2340475550075784,-1.3255742898710563
9.73973973973974,-1.5952194511315079,-0.23050690474406638,-1.3335850538503629
9.74974974974975,-1.6771131538128659,0.019598509358410676,-1.3465420359417974
9.75975975975976,-1.847741809337006,-0.26757426943691454,-1.3222634721048665
9.76976976976977,-1.6729383212799254,-0.4381541941093143,-1.3671336053167333
9.77977977977978,-1.7451617594522837,-0.47072430462450066,-1.5357545016850997
9.78978978978979,-1.8641378712660985,-0.34410203513517873,-1.428525985962565
9.7997997997998,-1.8090270076129573,-0.356371882674513,-1.1649225816184703
9.80980980980981,-1.5062078872316675,-0.3425489554739879,-1.1276344663534417
9.81981981981982,-1.3721189812290353,-0.3864947711305765,-1.2650045244759947
9.82982982982983,-1.380663373005138,-0.36172788903970143,-1.3794233526920143
9.83983983983984,-1.5508042577227563,-0.6106913950293824,-1.5773041330947994
9.84984984984985,-1.5673743096493324,-0.2675759106161525,-1.4677808191354613
9.85985985985986,-1.6563802481985141,-0.3035867175357051,-1.1218666484639208
9.86986986986987,-1.6946151709671666,-0.10666701396916226,-0.9643818637305737
9.87987987987988,-1.5786522297144527,-0.06652204942799847,-1.1848855359476722
9.88988988988989,-1.538198161996358,-0.0073330259158128925,-1.0666555337288974
9.8998998998999,-1.5785354359868577,0.07896633953318717,-1.020606100216485
9.90990990990991,-1.370977458063889,0.2572136409733485,-1.3087754571925798
9.91991991991992,-1.4733692541861834,0.15407511390416903,-1.1644707740436813
9.92992992992993,-1.3449179960692383,0.2297499443465344,-1.3320606337691334
9.93993993993994,-1.4478100318702172,0.19303685352352645,-1.2585796597056924
9.94994994994995,-1.3134361630324998,0.3717749606666498,-1.084100781814547
9.95995995995996,-1.4192504107707058,0.44684364212803046,-1.1932736915806317
9.96996996996997,-1.4174146470826217,0.26719220981591996,-1.1427272587820911
9.97997997997998,-1.3693822313168054,0.20350008397352917,-1.1497435538230392
9.98998998998999,-1.4652983349354793,0.016792189619592446,-1.291247602914061
10.0,-1.2877621295530184,0.05077283326371884,-1.253351845938842
